Project Name,Class Type,Feature Type,Feature Name,IGR,Spearman
ant-ivy,untouched,HISTORICAL,MethodHistories,0,0
ant-ivy,untouched,HISTORICAL,Authors,0,0
ant-ivy,untouched,HISTORICAL,FanIN,0.0142596909,-0.088331612
ant-ivy,untouched,HISTORICAL,FanOU,0.016646767,0.1150790381
ant-ivy,untouched,HISTORICAL,LocalVa,0,0
ant-ivy,untouched,HISTORICAL,Parameters,0.0023001689,-0.036022475
ant-ivy,untouched,HISTORICAL,CommentToCodeRatio,0.0225627354,-0.040038709
ant-ivy,untouched,HISTORICAL,CountPath,0.0029249147,0.0223278558
ant-ivy,untouched,HISTORICAL,Complexity,0.0032230206,0.022229902
ant-ivy,untouched,HISTORICAL,ExecStmt,0,0.1356466914
ant-ivy,untouched,HISTORICAL,MaxNesting,0,0.0248536198
ant-ivy,untouched,HISTORICAL,Decl,0,0
ant-ivy,untouched,HISTORICAL,Cond,0,0
ant-ivy,untouched,CURRENT,StmtAdded,0,0
ant-ivy,untouched,CURRENT,MaxStmtAdded,0,0
ant-ivy,untouched,CURRENT,AvgStmtAdded,0,0
ant-ivy,untouched,CURRENT,StmtDeleted,0,0
ant-ivy,untouched,CURRENT,MaxStmtDeleted,0,0
ant-ivy,untouched,CURRENT,AvgStmtDeleted,0,0
ant-ivy,untouched,CURRENT,Churn,0,0
ant-ivy,untouched,CURRENT,MaxChurn,0,0
ant-ivy,untouched,CURRENT,AvgChurn,0,0
ant-ivy,untouched,CURRENT,ElseAdded,0,0
ant-ivy,untouched,CURRENT,ElseDeleted,0,0
bookkeeper,untouched,HISTORICAL,MethodHistories,0,0
bookkeeper,untouched,HISTORICAL,Authors,0,0
bookkeeper,untouched,HISTORICAL,FanIN,0.0089518621,-0.042203289
bookkeeper,untouched,HISTORICAL,FanOU,0.0251854816,0.0893004807
bookkeeper,untouched,HISTORICAL,LocalVa,0,0
bookkeeper,untouched,HISTORICAL,Parameters,0.0025925171,-0.013296465
bookkeeper,untouched,HISTORICAL,CommentToCodeRatio,0.0685690319,0.2084140354
bookkeeper,untouched,HISTORICAL,CountPath,0.0048961298,0.0670821294
bookkeeper,untouched,HISTORICAL,Complexity,0.0102478735,0.1078647791
bookkeeper,untouched,HISTORICAL,ExecStmt,0,0.1371080221
bookkeeper,untouched,HISTORICAL,MaxNesting,0,0.0727364678
bookkeeper,untouched,HISTORICAL,Decl,0,0
bookkeeper,untouched,HISTORICAL,Cond,0,0
bookkeeper,untouched,CURRENT,StmtAdded,0,0
bookkeeper,untouched,CURRENT,MaxStmtAdded,0,0
bookkeeper,untouched,CURRENT,AvgStmtAdded,0,0
bookkeeper,untouched,CURRENT,StmtDeleted,0,0
bookkeeper,untouched,CURRENT,MaxStmtDeleted,0,0
bookkeeper,untouched,CURRENT,AvgStmtDeleted,0,0
bookkeeper,untouched,CURRENT,Churn,0,0
bookkeeper,untouched,CURRENT,MaxChurn,0,0
bookkeeper,untouched,CURRENT,AvgChurn,0,0
bookkeeper,untouched,CURRENT,ElseAdded,0,0
bookkeeper,untouched,CURRENT,ElseDeleted,0,0
deltaspike,untouched,HISTORICAL,MethodHistories,0,0
deltaspike,untouched,HISTORICAL,Authors,0,0
deltaspike,untouched,HISTORICAL,FanIN,0.0087080383,-0.015415128
deltaspike,untouched,HISTORICAL,FanOU,0.0277947551,0.1427470244
deltaspike,untouched,HISTORICAL,LocalVa,0,0
deltaspike,untouched,HISTORICAL,Parameters,0.0036899721,-0.03855959
deltaspike,untouched,HISTORICAL,CommentToCodeRatio,0.013821543,0.0005915555
deltaspike,untouched,HISTORICAL,CountPath,0.0033432706,0.0410826649
deltaspike,untouched,HISTORICAL,Complexity,0.0041745259,0.0512639103
deltaspike,untouched,HISTORICAL,ExecStmt,0,0.0725059294
deltaspike,untouched,HISTORICAL,MaxNesting,0,0.0418598344
deltaspike,untouched,HISTORICAL,Decl,0,0
deltaspike,untouched,HISTORICAL,Cond,0,0
deltaspike,untouched,CURRENT,StmtAdded,0,0
deltaspike,untouched,CURRENT,MaxStmtAdded,0,0
deltaspike,untouched,CURRENT,AvgStmtAdded,0,0
deltaspike,untouched,CURRENT,StmtDeleted,0,0
deltaspike,untouched,CURRENT,MaxStmtDeleted,0,0
deltaspike,untouched,CURRENT,AvgStmtDeleted,0,0
deltaspike,untouched,CURRENT,Churn,0,0
deltaspike,untouched,CURRENT,MaxChurn,0,0
deltaspike,untouched,CURRENT,AvgChurn,0,0
deltaspike,untouched,CURRENT,ElseAdded,0,0
deltaspike,untouched,CURRENT,ElseDeleted,0,0
karaf,untouched,HISTORICAL,MethodHistories,0,0
karaf,untouched,HISTORICAL,Authors,0,0
karaf,untouched,HISTORICAL,FanIN,0.0026595064,-0.000819423
karaf,untouched,HISTORICAL,FanOU,0.0042344019,0.0451899219
karaf,untouched,HISTORICAL,LocalVa,0,0
karaf,untouched,HISTORICAL,Parameters,0.0014422597,0.0384767822
karaf,untouched,HISTORICAL,CommentToCodeRatio,0.0030626253,-0.030561523
karaf,untouched,HISTORICAL,CountPath,0.0016354566,0.0384468471
karaf,untouched,HISTORICAL,Complexity,0.0009266473,0.0346792787
karaf,untouched,HISTORICAL,ExecStmt,0,0.0395939159
karaf,untouched,HISTORICAL,MaxNesting,0,0.0406313649
karaf,untouched,HISTORICAL,Decl,0,0
karaf,untouched,HISTORICAL,Cond,0,0
karaf,untouched,CURRENT,StmtAdded,0,0
karaf,untouched,CURRENT,MaxStmtAdded,0,0
karaf,untouched,CURRENT,AvgStmtAdded,0,0
karaf,untouched,CURRENT,StmtDeleted,0,0
karaf,untouched,CURRENT,MaxStmtDeleted,0,0
karaf,untouched,CURRENT,AvgStmtDeleted,0,0
karaf,untouched,CURRENT,Churn,0,0
karaf,untouched,CURRENT,MaxChurn,0,0
karaf,untouched,CURRENT,AvgChurn,0,0
karaf,untouched,CURRENT,ElseAdded,0,0
karaf,untouched,CURRENT,ElseDeleted,0,0
openwebbeans,untouched,HISTORICAL,MethodHistories,0,0
openwebbeans,untouched,HISTORICAL,Authors,0,0
openwebbeans,untouched,HISTORICAL,FanIN,0.0153322959,0.062766758
openwebbeans,untouched,HISTORICAL,FanOU,0.0264684908,0.1828396026
openwebbeans,untouched,HISTORICAL,LocalVa,0,0
openwebbeans,untouched,HISTORICAL,Parameters,0.0185388883,0.1582359878
openwebbeans,untouched,HISTORICAL,CommentToCodeRatio,0.0257007839,0.062424208
openwebbeans,untouched,HISTORICAL,CountPath,0.0298751826,0.2164514736
openwebbeans,untouched,HISTORICAL,Complexity,0.0263110372,0.1685904723
openwebbeans,untouched,HISTORICAL,ExecStmt,0,0.1986422255
openwebbeans,untouched,HISTORICAL,MaxNesting,0,0.2166485249
openwebbeans,untouched,HISTORICAL,Decl,0,0
openwebbeans,untouched,HISTORICAL,Cond,0,0
openwebbeans,untouched,CURRENT,StmtAdded,0,0
openwebbeans,untouched,CURRENT,MaxStmtAdded,0,0
openwebbeans,untouched,CURRENT,AvgStmtAdded,0,0
openwebbeans,untouched,CURRENT,StmtDeleted,0,0
openwebbeans,untouched,CURRENT,MaxStmtDeleted,0,0
openwebbeans,untouched,CURRENT,AvgStmtDeleted,0,0
openwebbeans,untouched,CURRENT,Churn,0,0
openwebbeans,untouched,CURRENT,MaxChurn,0,0
openwebbeans,untouched,CURRENT,AvgChurn,0,0
openwebbeans,untouched,CURRENT,ElseAdded,0,0
openwebbeans,untouched,CURRENT,ElseDeleted,0,0
qpid-jms,untouched,HISTORICAL,MethodHistories,0,0
qpid-jms,untouched,HISTORICAL,Authors,0,0
qpid-jms,untouched,HISTORICAL,FanIN,0.0211081032,0.1214232291
qpid-jms,untouched,HISTORICAL,FanOU,0.0119302277,0.059883845
qpid-jms,untouched,HISTORICAL,LocalVa,0,0
qpid-jms,untouched,HISTORICAL,Parameters,0.0067002146,0.053330717
qpid-jms,untouched,HISTORICAL,CommentToCodeRatio,0.0107746252,0.0335871757
qpid-jms,untouched,HISTORICAL,CountPath,0.0051282447,0.0764173513
qpid-jms,untouched,HISTORICAL,Complexity,0.0039235614,0.0486020416
qpid-jms,untouched,HISTORICAL,ExecStmt,0,0.0664251483
qpid-jms,untouched,HISTORICAL,MaxNesting,0,0.0910231311
qpid-jms,untouched,HISTORICAL,Decl,0,0
qpid-jms,untouched,HISTORICAL,Cond,0,0
qpid-jms,untouched,CURRENT,StmtAdded,0,0
qpid-jms,untouched,CURRENT,MaxStmtAdded,0,0
qpid-jms,untouched,CURRENT,AvgStmtAdded,0,0
qpid-jms,untouched,CURRENT,StmtDeleted,0,0
qpid-jms,untouched,CURRENT,MaxStmtDeleted,0,0
qpid-jms,untouched,CURRENT,AvgStmtDeleted,0,0
qpid-jms,untouched,CURRENT,Churn,0,0
qpid-jms,untouched,CURRENT,MaxChurn,0,0
qpid-jms,untouched,CURRENT,AvgChurn,0,0
qpid-jms,untouched,CURRENT,ElseAdded,0,0
qpid-jms,untouched,CURRENT,ElseDeleted,0,0
ant-ivy,touched,HISTORICAL,MethodHistories,0.0226039503,0.1133545162
ant-ivy,touched,HISTORICAL,Authors,0.0088886644,0.0933364721
ant-ivy,touched,HISTORICAL,FanIN,0.0030522555,-0.03275968
ant-ivy,touched,HISTORICAL,FanOU,0.0422091825,0.2272641835
ant-ivy,touched,HISTORICAL,LocalVa,0,0
ant-ivy,touched,HISTORICAL,Parameters,0.012058304,0.1203026951
ant-ivy,touched,HISTORICAL,CommentToCodeRatio,0.0064504137,0.0623594086
ant-ivy,touched,HISTORICAL,CountPath,0.0315633918,0.1981142434
ant-ivy,touched,HISTORICAL,Complexity,0.034392096,0.2022783751
ant-ivy,touched,HISTORICAL,ExecStmt,0,0.2312808892
ant-ivy,touched,HISTORICAL,MaxNesting,0,0.1998084828
ant-ivy,touched,HISTORICAL,Decl,0,0
ant-ivy,touched,HISTORICAL,Cond,0.0066754401,0.0780270548
ant-ivy,touched,CURRENT,StmtAdded,0.05790132,0.1091632384
ant-ivy,touched,CURRENT,MaxStmtAdded,0.0837659957,0.0926633433
ant-ivy,touched,CURRENT,AvgStmtAdded,0.0607535774,0.0667651173
ant-ivy,touched,CURRENT,StmtDeleted,0.0248510352,0.1572706931
ant-ivy,touched,CURRENT,MaxStmtDeleted,0.0253145415,0.1567552281
ant-ivy,touched,CURRENT,AvgStmtDeleted,0.0302208299,0.1532327334
ant-ivy,touched,CURRENT,Churn,0.0591724263,0.0864797105
ant-ivy,touched,CURRENT,MaxChurn,0.0638143119,0.0527186079
ant-ivy,touched,CURRENT,AvgChurn,0.0686980865,0.0369629441
ant-ivy,touched,CURRENT,ElseAdded,0.0115237721,-0.054169815
ant-ivy,touched,CURRENT,ElseDeleted,0.0115237721,-0.054169815
bookkeeper,touched,HISTORICAL,MethodHistories,0.0182475416,0.1606720838
bookkeeper,touched,HISTORICAL,Authors,0.0152573576,0.1244076584
bookkeeper,touched,HISTORICAL,FanIN,0.0318066168,-0.084070463
bookkeeper,touched,HISTORICAL,FanOU,0.0139741344,0.1197689584
bookkeeper,touched,HISTORICAL,LocalVa,0,0
bookkeeper,touched,HISTORICAL,Parameters,0.0011751209,0.0085375165
bookkeeper,touched,HISTORICAL,CommentToCodeRatio,0,0.0042852256
bookkeeper,touched,HISTORICAL,CountPath,0.0047544196,0.0452062513
bookkeeper,touched,HISTORICAL,Complexity,0.0026778167,0.0597896702
bookkeeper,touched,HISTORICAL,ExecStmt,0,0.1180575104
bookkeeper,touched,HISTORICAL,MaxNesting,0,0.0680232418
bookkeeper,touched,HISTORICAL,Decl,0,0
bookkeeper,touched,HISTORICAL,Cond,0.0045667029,-0.052236528
bookkeeper,touched,CURRENT,StmtAdded,0.0388875286,0.0609072373
bookkeeper,touched,CURRENT,MaxStmtAdded,0.0401512221,0.0443690086
bookkeeper,touched,CURRENT,AvgStmtAdded,0.0521539682,0.0242215828
bookkeeper,touched,CURRENT,StmtDeleted,0.0329716425,0.1810171938
bookkeeper,touched,CURRENT,MaxStmtDeleted,0.0336853736,0.1812693373
bookkeeper,touched,CURRENT,AvgStmtDeleted,0.0273791254,0.1815207336
bookkeeper,touched,CURRENT,Churn,0.0532938759,0.0399046964
bookkeeper,touched,CURRENT,MaxChurn,0.0736076941,0.0152018054
bookkeeper,touched,CURRENT,AvgChurn,0.0463836867,0.001697948
bookkeeper,touched,CURRENT,ElseAdded,0,-0.003672727
bookkeeper,touched,CURRENT,ElseDeleted,0,-0.003672727
deltaspike,touched,HISTORICAL,MethodHistories,0.2578203243,0.7612706312
deltaspike,touched,HISTORICAL,Authors,0.2939677434,0.8548504143
deltaspike,touched,HISTORICAL,FanIN,0,-0.042762161
deltaspike,touched,HISTORICAL,FanOU,0,0.1184890286
deltaspike,touched,HISTORICAL,LocalVa,0,0
deltaspike,touched,HISTORICAL,Parameters,0,-0.090566492
deltaspike,touched,HISTORICAL,CommentToCodeRatio,0,0
deltaspike,touched,HISTORICAL,CountPath,0,-0.178599323
deltaspike,touched,HISTORICAL,Complexity,0,-0.016503676
deltaspike,touched,HISTORICAL,ExecStmt,0,0.0999691918
deltaspike,touched,HISTORICAL,MaxNesting,0,-0.178599323
deltaspike,touched,HISTORICAL,Decl,0,0
deltaspike,touched,HISTORICAL,Cond,0,-0.002975234
deltaspike,touched,CURRENT,StmtAdded,0,0.2736482589
deltaspike,touched,CURRENT,MaxStmtAdded,0,0.2003607452
deltaspike,touched,CURRENT,AvgStmtAdded,0,0.1480898592
deltaspike,touched,CURRENT,StmtDeleted,0,0.0311651591
deltaspike,touched,CURRENT,MaxStmtDeleted,0,0.0233812673
deltaspike,touched,CURRENT,AvgStmtDeleted,0,0.0155834012
deltaspike,touched,CURRENT,Churn,0,0.3144188094
deltaspike,touched,CURRENT,MaxChurn,0,0.2087747195
deltaspike,touched,CURRENT,AvgChurn,0,0.1650277758
deltaspike,touched,CURRENT,ElseAdded,0,0.0356122285
deltaspike,touched,CURRENT,ElseDeleted,0,0.0356122285
karaf,touched,HISTORICAL,MethodHistories,0.0945850446,0.3463110436
karaf,touched,HISTORICAL,Authors,0.0308101139,0.2033377688
karaf,touched,HISTORICAL,FanIN,0.0071101125,-0.067540313
karaf,touched,HISTORICAL,FanOU,0.0114137328,0.1202935016
karaf,touched,HISTORICAL,LocalVa,0,0
karaf,touched,HISTORICAL,Parameters,0.0069357689,0.0188693642
karaf,touched,HISTORICAL,CommentToCodeRatio,0,0.0287620153
karaf,touched,HISTORICAL,CountPath,0.0037535737,0.0428195474
karaf,touched,HISTORICAL,Complexity,0,0.0590018452
karaf,touched,HISTORICAL,ExecStmt,0,0.1189235984
karaf,touched,HISTORICAL,MaxNesting,0,0.041250281
karaf,touched,HISTORICAL,Decl,0,0
karaf,touched,HISTORICAL,Cond,0.01031967,-0.022977399
karaf,touched,CURRENT,StmtAdded,0.0244718916,0.0929997017
karaf,touched,CURRENT,MaxStmtAdded,0.0307358824,0.0422146507
karaf,touched,CURRENT,AvgStmtAdded,0.041251887,-0.035843449
karaf,touched,CURRENT,StmtDeleted,0.0352770508,0.2394832776
karaf,touched,CURRENT,MaxStmtDeleted,0.0403278486,0.2367600611
karaf,touched,CURRENT,AvgStmtDeleted,0.0440771577,0.2331158213
karaf,touched,CURRENT,Churn,0.0233908656,0.0692051629
karaf,touched,CURRENT,MaxChurn,0.0448615784,0.0113379665
karaf,touched,CURRENT,AvgChurn,0.0389932872,-0.063270296
karaf,touched,CURRENT,ElseAdded,0.006703457,0.0482476099
karaf,touched,CURRENT,ElseDeleted,0.006703457,0.0482476099
openwebbeans,touched,HISTORICAL,MethodHistories,0.0148772056,0.1415321518
openwebbeans,touched,HISTORICAL,Authors,0.0097296502,0.1333913067
openwebbeans,touched,HISTORICAL,FanIN,0,0.0257288266
openwebbeans,touched,HISTORICAL,FanOU,0.0116824162,0.1141378296
openwebbeans,touched,HISTORICAL,LocalVa,0,0
openwebbeans,touched,HISTORICAL,Parameters,0,0.0061162599
openwebbeans,touched,HISTORICAL,CommentToCodeRatio,0,0.0375030079
openwebbeans,touched,HISTORICAL,CountPath,0,0.102083767
openwebbeans,touched,HISTORICAL,Complexity,0,0.1045181053
openwebbeans,touched,HISTORICAL,ExecStmt,0,0.1180773994
openwebbeans,touched,HISTORICAL,MaxNesting,0,0.1070314919
openwebbeans,touched,HISTORICAL,Decl,0,0
openwebbeans,touched,HISTORICAL,Cond,0,0.073135372
openwebbeans,touched,CURRENT,StmtAdded,0,0.0448638685
openwebbeans,touched,CURRENT,MaxStmtAdded,0,0.0246500891
openwebbeans,touched,CURRENT,AvgStmtAdded,0.0175193846,-0.00262353
openwebbeans,touched,CURRENT,StmtDeleted,0.0431900356,0.1246192706
openwebbeans,touched,CURRENT,MaxStmtDeleted,0.0441506575,0.1223202748
openwebbeans,touched,CURRENT,AvgStmtDeleted,0.0343418187,0.1191692334
openwebbeans,touched,CURRENT,Churn,0,0.0321884255
openwebbeans,touched,CURRENT,MaxChurn,0,-0.00002793
openwebbeans,touched,CURRENT,AvgChurn,0,-0.022818851
openwebbeans,touched,CURRENT,ElseAdded,0,-0.016196084
openwebbeans,touched,CURRENT,ElseDeleted,0,-0.016196084
qpid-jms,touched,HISTORICAL,MethodHistories,0.0175169907,0.1424292723
qpid-jms,touched,HISTORICAL,Authors,0.0112746003,0.1385260777
qpid-jms,touched,HISTORICAL,FanIN,0,-0.002701934
qpid-jms,touched,HISTORICAL,FanOU,0,0.0199569562
qpid-jms,touched,HISTORICAL,LocalVa,0,0
qpid-jms,touched,HISTORICAL,Parameters,0,0.0216953849
qpid-jms,touched,HISTORICAL,CommentToCodeRatio,0.0175352322,0.1009556214
qpid-jms,touched,HISTORICAL,CountPath,0.0035615136,0.072697005
qpid-jms,touched,HISTORICAL,Complexity,0.0050661923,0.0760347891
qpid-jms,touched,HISTORICAL,ExecStmt,0,0.0470277711
qpid-jms,touched,HISTORICAL,MaxNesting,0,0.0776316943
qpid-jms,touched,HISTORICAL,Decl,0,0
qpid-jms,touched,HISTORICAL,Cond,0.0104653058,0.0742715632
qpid-jms,touched,CURRENT,StmtAdded,0.0420428484,0.0437114233
qpid-jms,touched,CURRENT,MaxStmtAdded,0.0407809164,0.0370760196
qpid-jms,touched,CURRENT,AvgStmtAdded,0.0553468251,0.0166622881
qpid-jms,touched,CURRENT,StmtDeleted,0,0.0479879093
qpid-jms,touched,CURRENT,MaxStmtDeleted,0.0170563537,0.0478099292
qpid-jms,touched,CURRENT,AvgStmtDeleted,0.0188654719,0.0444088241
qpid-jms,touched,CURRENT,Churn,0.0434262999,0.0329754785
qpid-jms,touched,CURRENT,MaxChurn,0.0483972815,0.0237359003
qpid-jms,touched,CURRENT,AvgChurn,0.0567824287,0.0033967567
qpid-jms,touched,CURRENT,ElseAdded,0,0.0099246321
qpid-jms,touched,CURRENT,ElseDeleted,0,0.0099246321
ant-ivy,all,HISTORICAL,MethodHistories,0,0
ant-ivy,all,HISTORICAL,Authors,0,0
ant-ivy,all,HISTORICAL,FanIN,0,0
ant-ivy,all,HISTORICAL,FanOU,0,0
ant-ivy,all,HISTORICAL,LocalVa,0,0
ant-ivy,all,HISTORICAL,Parameters,0,0
ant-ivy,all,HISTORICAL,CommentToCodeRatio,0,0
ant-ivy,all,HISTORICAL,CountPath,0,0
ant-ivy,all,HISTORICAL,Complexity,0,0
ant-ivy,all,HISTORICAL,ExecStmt,0,0
ant-ivy,all,HISTORICAL,MaxNesting,0,0
ant-ivy,all,HISTORICAL,Decl,0,0
ant-ivy,all,HISTORICAL,Cond,0,0
ant-ivy,all,CURRENT,StmtAdded,0,0
ant-ivy,all,CURRENT,MaxStmtAdded,0,0
ant-ivy,all,CURRENT,AvgStmtAdded,0,0
ant-ivy,all,CURRENT,StmtDeleted,0,0
ant-ivy,all,CURRENT,MaxStmtDeleted,0,0
ant-ivy,all,CURRENT,AvgStmtDeleted,0,0
ant-ivy,all,CURRENT,Churn,0.1491650986,0.4498726697
ant-ivy,all,CURRENT,MaxChurn,0.1375318118,0.4417156407
ant-ivy,all,CURRENT,AvgChurn,0,0
ant-ivy,all,CURRENT,ElseAdded,0,0
ant-ivy,all,CURRENT,ElseDeleted,0,0
bookkeeper,all,HISTORICAL,MethodHistories,0,0
bookkeeper,all,HISTORICAL,Authors,0,0
bookkeeper,all,HISTORICAL,FanIN,0,0
bookkeeper,all,HISTORICAL,FanOU,0,0
bookkeeper,all,HISTORICAL,LocalVa,0,0
bookkeeper,all,HISTORICAL,Parameters,0,0
bookkeeper,all,HISTORICAL,CommentToCodeRatio,0,0
bookkeeper,all,HISTORICAL,CountPath,0,0
bookkeeper,all,HISTORICAL,Complexity,0,0
bookkeeper,all,HISTORICAL,ExecStmt,0,0
bookkeeper,all,HISTORICAL,MaxNesting,0,0
bookkeeper,all,HISTORICAL,Decl,0,0
bookkeeper,all,HISTORICAL,Cond,0,0
bookkeeper,all,CURRENT,StmtAdded,0,0
bookkeeper,all,CURRENT,MaxStmtAdded,0,0
bookkeeper,all,CURRENT,AvgStmtAdded,0,0
bookkeeper,all,CURRENT,StmtDeleted,0,0
bookkeeper,all,CURRENT,MaxStmtDeleted,0,0
bookkeeper,all,CURRENT,AvgStmtDeleted,0,0
bookkeeper,all,CURRENT,Churn,0.0221119225,0.1733047426
bookkeeper,all,CURRENT,MaxChurn,0.0272360407,0.1718148843
bookkeeper,all,CURRENT,AvgChurn,0,0
bookkeeper,all,CURRENT,ElseAdded,0,0
bookkeeper,all,CURRENT,ElseDeleted,0,0
deltaspike,all,HISTORICAL,MethodHistories,0,0
deltaspike,all,HISTORICAL,Authors,0,0
deltaspike,all,HISTORICAL,FanIN,0,0
deltaspike,all,HISTORICAL,FanOU,0,0
deltaspike,all,HISTORICAL,LocalVa,0,0
deltaspike,all,HISTORICAL,Parameters,0,0
deltaspike,all,HISTORICAL,CommentToCodeRatio,0,0
deltaspike,all,HISTORICAL,CountPath,0,0
deltaspike,all,HISTORICAL,Complexity,0,0
deltaspike,all,HISTORICAL,ExecStmt,0,0
deltaspike,all,HISTORICAL,MaxNesting,0,0
deltaspike,all,HISTORICAL,Decl,0,0
deltaspike,all,HISTORICAL,Cond,0,0
deltaspike,all,CURRENT,StmtAdded,0,0
deltaspike,all,CURRENT,MaxStmtAdded,0,0
deltaspike,all,CURRENT,AvgStmtAdded,0,0
deltaspike,all,CURRENT,StmtDeleted,0,0
deltaspike,all,CURRENT,MaxStmtDeleted,0,0
deltaspike,all,CURRENT,AvgStmtDeleted,0,0
deltaspike,all,CURRENT,Churn,0.0017889875,0.0521277635
deltaspike,all,CURRENT,MaxChurn,0.0021170856,0.0522554511
deltaspike,all,CURRENT,AvgChurn,0,0
deltaspike,all,CURRENT,ElseAdded,0,0
deltaspike,all,CURRENT,ElseDeleted,0,0
karaf,all,HISTORICAL,MethodHistories,0,0
karaf,all,HISTORICAL,Authors,0,0
karaf,all,HISTORICAL,FanIN,0,0
karaf,all,HISTORICAL,FanOU,0,0
karaf,all,HISTORICAL,LocalVa,0,0
karaf,all,HISTORICAL,Parameters,0,0
karaf,all,HISTORICAL,CommentToCodeRatio,0,0
karaf,all,HISTORICAL,CountPath,0,0
karaf,all,HISTORICAL,Complexity,0,0
karaf,all,HISTORICAL,ExecStmt,0,0
karaf,all,HISTORICAL,MaxNesting,0,0
karaf,all,HISTORICAL,Decl,0,0
karaf,all,HISTORICAL,Cond,0,0
karaf,all,CURRENT,StmtAdded,0,0
karaf,all,CURRENT,MaxStmtAdded,0,0
karaf,all,CURRENT,AvgStmtAdded,0,0
karaf,all,CURRENT,StmtDeleted,0,0
karaf,all,CURRENT,MaxStmtDeleted,0,0
karaf,all,CURRENT,AvgStmtDeleted,0,0
karaf,all,CURRENT,Churn,0.0148852137,0.2094016976
karaf,all,CURRENT,MaxChurn,0.0149195458,0.2092801274
karaf,all,CURRENT,AvgChurn,0,0
karaf,all,CURRENT,ElseAdded,0,0
karaf,all,CURRENT,ElseDeleted,0,0
openwebbeans,all,HISTORICAL,MethodHistories,0,0
openwebbeans,all,HISTORICAL,Authors,0,0
openwebbeans,all,HISTORICAL,FanIN,0,0
openwebbeans,all,HISTORICAL,FanOU,0,0
openwebbeans,all,HISTORICAL,LocalVa,0,0
openwebbeans,all,HISTORICAL,Parameters,0,0
openwebbeans,all,HISTORICAL,CommentToCodeRatio,0,0
openwebbeans,all,HISTORICAL,CountPath,0,0
openwebbeans,all,HISTORICAL,Complexity,0,0
openwebbeans,all,HISTORICAL,ExecStmt,0,0
openwebbeans,all,HISTORICAL,MaxNesting,0,0
openwebbeans,all,HISTORICAL,Decl,0,0
openwebbeans,all,HISTORICAL,Cond,0,0
openwebbeans,all,CURRENT,StmtAdded,0,0
openwebbeans,all,CURRENT,MaxStmtAdded,0,0
openwebbeans,all,CURRENT,AvgStmtAdded,0,0
openwebbeans,all,CURRENT,StmtDeleted,0,0
openwebbeans,all,CURRENT,MaxStmtDeleted,0,0
openwebbeans,all,CURRENT,AvgStmtDeleted,0,0
openwebbeans,all,CURRENT,Churn,0.0250106589,0.1499701359
openwebbeans,all,CURRENT,MaxChurn,0.0249778529,0.1483067004
openwebbeans,all,CURRENT,AvgChurn,0,0
openwebbeans,all,CURRENT,ElseAdded,0,0
openwebbeans,all,CURRENT,ElseDeleted,0,0
qpid-jms,all,HISTORICAL,MethodHistories,0,0
qpid-jms,all,HISTORICAL,Authors,0,0
qpid-jms,all,HISTORICAL,FanIN,0,0
qpid-jms,all,HISTORICAL,FanOU,0,0
qpid-jms,all,HISTORICAL,LocalVa,0,0
qpid-jms,all,HISTORICAL,Parameters,0,0
qpid-jms,all,HISTORICAL,CommentToCodeRatio,0,0
qpid-jms,all,HISTORICAL,CountPath,0,0
qpid-jms,all,HISTORICAL,Complexity,0,0
qpid-jms,all,HISTORICAL,ExecStmt,0,0
qpid-jms,all,HISTORICAL,MaxNesting,0,0
qpid-jms,all,HISTORICAL,Decl,0,0
qpid-jms,all,HISTORICAL,Cond,0,0
qpid-jms,all,CURRENT,StmtAdded,0,0
qpid-jms,all,CURRENT,MaxStmtAdded,0,0
qpid-jms,all,CURRENT,AvgStmtAdded,0,0
qpid-jms,all,CURRENT,StmtDeleted,0,0
qpid-jms,all,CURRENT,MaxStmtDeleted,0,0
qpid-jms,all,CURRENT,AvgStmtDeleted,0,0
qpid-jms,all,CURRENT,Churn,0.1008443681,0.4357596887
qpid-jms,all,CURRENT,MaxChurn,0.0974793303,0.4250516079
qpid-jms,all,CURRENT,AvgChurn,0,0
qpid-jms,all,CURRENT,ElseAdded,0,0
qpid-jms,all,CURRENT,ElseDeleted,0,0
