project name,Release ID,untouched buggy,touched buggy,% untouched buggy
ant-ivy,2.0.0-alpha2,64,522,10.921501706
ant-ivy,2.0.0-beta1,1485,147,90.992647059
ant-ivy,2.0.0-beta2,1268,108,92.151162791
ant-ivy,2.0.0-rc1,1416,394,78.232044199
ant-ivy,2.0.0-rc2,1616,31,98.117789921
ant-ivy,2.1.0-rc1,1629,25,98.488512696
ant-ivy,2.1.0-rc2,1648,24,98.564593301
ant-ivy,2.2.0-rc1,1628,112,93.563218391
bookkeeper,release-4.0.0,476,0,100
bookkeeper,release-4.1.0,287,95,75.130890052
bookkeeper,release-4.2.0,377,31,92.401960784
bookkeeper,release-4.2.2,508,46,91.696750903
bookkeeper,release-4.2.3,347,22,94.037940379
bookkeeper,release-4.3.0,9,17,34.615384615
bookkeeper,release-4.3.1,644,0,100
bookkeeper,release-4.4.0,544,246,68.860759494
bookkeeper,release-4.5.0,520,1896,21.523178808
bookkeeper,release-4.5.1,1498,82,94.810126582
bookkeeper,release-4.6.0,1038,379,73.253352152
bookkeeper,release-4.6.1,932,85,91.642084562
bookkeeper,release-4.6.2,1053,144,87.969924812
bookkeeper,release-4.7.0,914,237,79.409209383
deltaspike,deltaspike-1.4.0,289,0,100
deltaspike,deltaspike-1.4.1,294,0,100
deltaspike,deltaspike-1.4.2,294,0,100
deltaspike,deltaspike-1.5.0,294,0,100
deltaspike,deltaspike-1.5.1,294,0,100
deltaspike,deltaspike-1.5.2,290,0,100
deltaspike,deltaspike-1.5.3,293,1,99.659863946
deltaspike,deltaspike-1.6.0,298,1,99.665551839
deltaspike,deltaspike-1.6.1,299,0,100
deltaspike,deltaspike-1.7.0,303,0,100
deltaspike,deltaspike-1.7.1,304,0,100
deltaspike,deltaspike-1.7.2,304,0,100
deltaspike,deltaspike-1.8.0,304,1,99.672131148
deltaspike,deltaspike-1.8.1,283,0,100
deltaspike,deltaspike-1.8.2,286,1,99.651567944
deltaspike,deltaspike-1.9.0,281,0,100
deltaspike,deltaspike-1.9.1,284,4,98.611111111
karaf,karaf-2.0.0,46,31,59.74025974
karaf,karaf-2.1.0,53,54,49.53271028
karaf,karaf-2.1.1,53,14,79.104477612
karaf,karaf-2.1.2,46,2,95.833333333
karaf,karaf-2.1.3,53,14,79.104477612
karaf,karaf-2.1.4,51,0,100
karaf,karaf-2.1.5,57,6,90.476190476
karaf,karaf-2.2.0,48,1,97.959183673
karaf,karaf-2.2.1,53,2,96.363636364
karaf,karaf-2.2.10,24,3,88.888888889
karaf,karaf-2.2.11,55,0,100
karaf,karaf-2.2.2,51,1,98.076923077
karaf,karaf-2.2.3,52,8,86.666666667
karaf,karaf-2.2.4,51,18,73.913043478
karaf,karaf-2.2.5,61,8,88.405797101
karaf,karaf-2.2.6,84,16,84
karaf,karaf-2.2.7,22,2,91.666666667
karaf,karaf-2.2.8,55,5,91.666666667
karaf,karaf-2.2.9,58,4,93.548387097
karaf,karaf-2.3.0,88,47,65.185185185
karaf,karaf-2.3.1,28,1,96.551724138
karaf,karaf-2.3.10,86,0,100
karaf,karaf-2.3.2,120,12,90.909090909
karaf,karaf-2.3.3,87,8,91.578947368
karaf,karaf-2.3.4,104,0,100
karaf,karaf-2.3.5,90,0,100
karaf,karaf-2.3.6,84,6,93.333333333
karaf,karaf-2.3.7,86,0,100
karaf,karaf-2.4.0,94,0,100
karaf,karaf-2.4.1,77,14,84.615384615
karaf,karaf-2.4.2,95,2,97.93814433
karaf,karaf-2.4.3,97,0,100
karaf,karaf-2.4.4,98,0,100
karaf,karaf-3.0.0,176,85,67.432950192
karaf,karaf-3.0.0.RC1,6,0,100
karaf,karaf-3.0.1,6,0,100
karaf,karaf-3.0.2,9,6,60
karaf,karaf-3.0.3,13,6,68.421052632
karaf,karaf-3.0.4,8,0,100
karaf,karaf-3.0.5,7,4,63.636363636
karaf,karaf-3.0.6,34,6,85
karaf,karaf-3.0.7,9,0,100
openwebbeans,1.0.0-M4,1192,0,100
openwebbeans,openwebbeans-1.0.0-alpha-1,1059,6,99.436619718
openwebbeans,openwebbeans-1.0.0-alpha-2,1139,12,98.957428323
openwebbeans,openwebbeans-1.0.0-incubating-M3-rc2,383,6,98.457583548
openwebbeans,openwebbeans-1.0.0,337,4,98.826979472
openwebbeans,openwebbeans-1.1.0,217,8,96.444444444
openwebbeans,openwebbeans-1.1.1,269,9,96.762589928
openwebbeans,openwebbeans-1.1.2,276,2,99.28057554
openwebbeans,openwebbeans-1.1.4,267,4,98.52398524
openwebbeans,openwebbeans-1.1.5,271,1,99.632352941
openwebbeans,openwebbeans-1.1.6,257,1,99.612403101
openwebbeans,openwebbeans-1.1.8,258,0,100
openwebbeans,openwebbeans-1.2.0,175,12,93.582887701
openwebbeans,openwebbeans-1.2.1,180,6,96.774193548
openwebbeans,openwebbeans-1.2.2,182,0,100
openwebbeans,openwebbeans-1.2.3,177,1,99.438202247
qpid-jms,0.10.0,594,138,81.147540984
qpid-jms,0.11.0,639,151,80.886075949
qpid-jms,0.2.0,469,122,79.357021997
qpid-jms,0.20.0-beta,682,29,95.921237693
qpid-jms,0.20.0,630,65,90.647482014
qpid-jms,0.21.0,697,8,98.865248227
qpid-jms,0.22.0,720,7,99.037138927
qpid-jms,0.3.0,509,67,88.368055556
qpid-jms,0.4.0,446,13,97.167755991
qpid-jms,0.5.0,505,112,81.847649919
qpid-jms,0.6.0,714,72,90.839694656
qpid-jms,0.7.0,553,67,89.193548387
qpid-jms,0.8.0,597,0,100
qpid-jms,0.9.0,549,46,92.268907563
