Project name,Release ID,% untouched,Touched,Untouched
ant-ivy,2.0.0-alpha2,12.584335582,2980,429
ant-ivy,2.0.0-beta1,94.670442842,207,3677
ant-ivy,2.0.0-beta2,84.240058551,646,3453
ant-ivy,2.0.0-rc1,85.25974026,681,3939
ant-ivy,2.0.0-rc2,99.094437257,42,4596
ant-ivy,2.1.0-rc1,98.674930541,62,4617
ant-ivy,2.1.0-rc2,98.43220339,74,4646
ant-ivy,2.2.0-rc1,95.442359249,221,4628
bookkeeper,release-4.0.0,100,0,1490
bookkeeper,release-4.1.0,62.787212787,745,1257
bookkeeper,release-4.2.0,66.05015674,1083,2107
bookkeeper,release-4.2.2,91.560412872,278,3016
bookkeeper,release-4.2.3,93.87328153,205,3141
bookkeeper,release-4.3.0,21.645829446,4199,1160
bookkeeper,release-4.3.1,99.059214167,51,5370
bookkeeper,release-4.4.0,91.205325858,251,2603
bookkeeper,release-4.5.0,54.291224687,1896,2252
bookkeeper,release-4.5.1,98.026948989,82,4074
bookkeeper,release-4.6.0,92.270038752,379,4524
bookkeeper,release-4.6.1,98.294200281,85,4898
bookkeeper,release-4.6.2,97.084082285,146,4861
bookkeeper,release-4.7.0,97.890708437,237,10999
deltaspike,deltaspike-1.4.0,99.792874896,10,4818
deltaspike,deltaspike-1.4.1,100,0,4909
deltaspike,deltaspike-1.4.2,99.919257166,4,4950
deltaspike,deltaspike-1.5.0,100,0,4974
deltaspike,deltaspike-1.5.1,99.960151425,2,5017
deltaspike,deltaspike-1.5.2,99.960246472,2,5029
deltaspike,deltaspike-1.5.3,99.942649589,3,5228
deltaspike,deltaspike-1.6.0,99.588631264,22,5326
deltaspike,deltaspike-1.6.1,99.981381493,1,5370
deltaspike,deltaspike-1.7.0,99.835285505,9,5455
deltaspike,deltaspike-1.7.1,100,0,5476
deltaspike,deltaspike-1.7.2,99.96367599,2,5504
deltaspike,deltaspike-1.8.0,99.929090587,4,5637
deltaspike,deltaspike-1.8.1,99.876933896,7,5681
deltaspike,deltaspike-1.8.2,99.861495845,8,5768
deltaspike,deltaspike-1.9.0,99.914617486,5,5851
deltaspike,deltaspike-1.9.1,99.915268599,5,5896
karaf,karaf-2.0.0,96.898131829,88,2749
karaf,karaf-2.1.0,93.595730487,192,2806
karaf,karaf-2.1.1,98.506471955,45,2968
karaf,karaf-2.1.2,99.867197875,4,3008
karaf,karaf-2.1.3,98.777263714,37,2989
karaf,karaf-2.1.4,99.835309618,5,3031
karaf,karaf-2.1.5,99.07651715,28,3004
karaf,karaf-2.2.0,99.378514353,21,3358
karaf,karaf-2.2.1,99.657240788,12,3489
karaf,karaf-2.2.10,92.872397224,267,3479
karaf,karaf-2.2.11,99.94464434,2,3611
karaf,karaf-2.2.2,99.317017644,24,3490
karaf,karaf-2.2.3,99.573621376,15,3503
karaf,karaf-2.2.4,95.579061568,163,3524
karaf,karaf-2.2.5,98.034993271,73,3642
karaf,karaf-2.2.6,98.085862729,70,3587
karaf,karaf-2.2.7,98.140552365,68,3589
karaf,karaf-2.2.8,99.344799345,24,3639
karaf,karaf-2.2.9,98.886474742,41,3641
karaf,karaf-2.3.0,92.392099488,312,3789
karaf,karaf-2.3.1,94.666666667,220,3905
karaf,karaf-2.3.10,100,0,4079
karaf,karaf-2.3.2,99.282178218,29,4011
karaf,karaf-2.3.3,99.094247246,37,4048
karaf,karaf-2.3.4,99.791231733,9,4302
karaf,karaf-2.3.5,99.652616952,15,4303
karaf,karaf-2.3.6,98.844197873,50,4276
karaf,karaf-2.3.7,100,0,4346
karaf,karaf-2.4.0,99.91416309,4,4656
karaf,karaf-2.4.1,97.48833074,113,4386
karaf,karaf-2.4.2,99.844926894,7,4507
karaf,karaf-2.4.3,99.977836879,1,4511
karaf,karaf-2.4.4,99.889429456,5,4517
karaf,karaf-3.0.0,91.579152081,433,4709
karaf,karaf-3.0.0.RC1,100,0,4606
karaf,karaf-3.0.1,99.980977744,1,5256
karaf,karaf-3.0.2,99.463658221,29,5378
karaf,karaf-3.0.3,99.139060453,46,5297
karaf,karaf-3.0.4,99.869134418,7,5342
karaf,karaf-3.0.5,99.588631264,22,5326
karaf,karaf-3.0.6,99.572013398,23,5351
karaf,karaf-3.0.7,99.814540059,10,5382
openwebbeans,1.0.0-M4,100,0,3379
openwebbeans,openwebbeans-1.0.0-alpha-1,96.119402985,156,3864
openwebbeans,openwebbeans-1.0.0-alpha-2,99.007504236,41,4090
openwebbeans,openwebbeans-1.0.0-incubating-M3-rc2,96.15658363,108,2702
openwebbeans,openwebbeans-1.0.0,99.571326506,18,4181
openwebbeans,openwebbeans-1.1.0,96.957256701,126,4015
openwebbeans,openwebbeans-1.1.1,99.534883721,20,4280
openwebbeans,openwebbeans-1.1.2,99.539912583,20,4327
openwebbeans,openwebbeans-1.1.4,99.153339605,36,4216
openwebbeans,openwebbeans-1.1.5,99.103899249,37,4092
openwebbeans,openwebbeans-1.1.6,99.413283267,25,4236
openwebbeans,openwebbeans-1.1.8,100,0,4357
openwebbeans,openwebbeans-1.2.0,99.27890207,31,4268
openwebbeans,openwebbeans-1.2.1,98.965827338,46,4402
openwebbeans,openwebbeans-1.2.2,96.813015378,143,4344
openwebbeans,openwebbeans-1.2.3,99.910952805,4,4488
qpid-jms,0.10.0,92.485198118,495,6092
qpid-jms,0.11.0,96.065818998,263,6422
qpid-jms,0.2.0,95.820161574,238,5456
qpid-jms,0.20.0-beta,92.670923118,551,6967
qpid-jms,0.20.0,91.732787305,646,7168
qpid-jms,0.21.0,97.705666117,181,7708
qpid-jms,0.22.0,98.398486759,127,7803
qpid-jms,0.3.0,94.302721088,335,5545
qpid-jms,0.4.0,97.234006448,163,5730
qpid-jms,0.5.0,96.832579186,189,5778
qpid-jms,0.6.0,94.26121372,348,5716
qpid-jms,0.7.0,94.919093851,314,5866
qpid-jms,0.8.0,99.789644013,13,6167
qpid-jms,0.9.0,96.341657388,230,6057
